Module,pre_proc,vt_impl11,vt_impl111,vt_impl111,vt_impl111,gox_time,gox_time,post_proc,post_proc,post_proc,post_proc,nmos,IdVg_Vd,IdVg_Vd,IdVg_Vd,IdVg_Vd,IdVg_Vd,IdVg_Vd,IdVg_Vd,IdVg_Vd,IdVg_Vd,IdVg_Vd,IdVg_Vd,IdVg_Vd,IdVg_Vd
Parameter,xc1,pt_eng,pt_dose,Bmax_act,Bsur_act,Time_gox,tox_gn,n_energy,xj_nch,Bmax_nch,Bsur_nch,Lg,Vt0,Vts,Ion,Ioffs,St0,Sts,Gms,Gds,Vdibl,Ronoff,Icrit,Av,dSt
Unit,,,,cm**-3,cm**-3,,um,,um,cm**-3,cm**-3,,V,V,A/um,A/um,mV/dec,mV/dec,S/um,S/um,V,A/A,A/um,V/V,%
Parameter Type,GlobalParamSplit,GlobalParamSplit,GlobalParamSplit,ExtractedParam,ExtractedParam,GlobalParamSplit,ExtractedParam,GlobalParamSplit,ExtractedParam,ExtractedParam,ExtractedParam,GlobalParamSplit,ExtractedParam,ExtractedParam,ExtractedParam,ExtractedParam,ExtractedParam,ExtractedParam,ExtractedParam,ExtractedParam,ExtractedParam,ExtractedParam,ExtractedParam,ExtractedParam,ExtractedParam
Wafer 193,3.2,600,9.00E+12,3.76E+17,3.90E+16,30,0.019978,130,0.355158,2.49E+17,2.65E+16,10,8.55E-01,8.51E-01,5.20E-05,2.79E-14,1.06E+02,1.05E+02,2.18E-05,5.04E-07,3.33E-03,1.87E+09,2.14E-08,4.33E+01,-2.28E-01
Wafer 185,3.2,600,7.00E+12,3.76E+17,3.90E+16,30,0.019978,130,0.35587,1.95E+17,2.65E+16,10,8.55E-01,8.51E-01,5.21E-05,2.95E-14,1.06E+02,1.05E+02,2.19E-05,5.01E-07,3.35E-03,1.76E+09,2.14E-08,4.36E+01,-2.30E-01
Wafer 177,3.2,600,5.00E+12,3.76E+17,3.90E+16,30,0.019978,130,0.356588,1.45E+17,2.64E+16,10,8.54E-01,8.51E-01,5.21E-05,2.89E-14,1.06E+02,1.05E+02,2.19E-05,4.98E-07,3.38E-03,1.80E+09,2.14E-08,4.39E+01,-2.32E-01
Wafer 169,3.2,600,3.00E+12,3.76E+17,3.90E+16,30,0.019978,130,0.357312,1.45E+17,2.64E+16,10,8.54E-01,8.51E-01,5.21E-05,2.84E-14,1.06E+02,1.05E+02,2.19E-05,4.96E-07,3.40E-03,1.84E+09,2.14E-08,4.41E+01,-2.34E-01
Wafer 161,3.2,600,1.00E+12,3.76E+17,3.90E+16,30,0.019975,130,0.358043,1.45E+17,2.64E+16,10,8.54E-01,8.51E-01,5.22E-05,3.27E-14,1.06E+02,1.05E+02,2.19E-05,4.91E-07,3.45E-03,1.59E+09,2.14E-08,4.46E+01,-2.39E-01
Wafer 153,3.2,450,9.00E+12,3.76E+17,3.90E+16,30,0.019975,130,0.347771,2.75E+17,2.65E+16,10,8.55E-01,8.52E-01,5.19E-05,2.11E-14,1.06E+02,1.05E+02,2.18E-05,5.11E-07,3.24E-03,2.46E+09,2.14E-08,4.26E+01,-2.20E-01
Wafer 145,3.2,450,7.00E+12,3.76E+17,3.90E+16,30,0.019975,130,0.349988,2.15E+17,2.65E+16,10,8.55E-01,8.51E-01,5.19E-05,2.07E-14,1.06E+02,1.05E+02,2.18E-05,5.10E-07,3.29E-03,2.51E+09,2.14E-08,4.27E+01,-2.25E-01
Wafer 137,3.2,450,5.00E+12,3.76E+17,3.90E+16,30,0.019975,130,0.352287,1.54E+17,2.65E+16,10,8.55E-01,8.51E-01,5.20E-05,2.65E-14,1.06E+02,1.05E+02,2.18E-05,5.12E-07,3.33E-03,1.96E+09,2.14E-08,4.26E+01,-2.28E-01
Wafer 129,3.2,450,3.00E+12,3.76E+17,3.90E+16,30,0.019975,130,0.35467,1.45E+17,2.65E+16,10,8.54E-01,8.51E-01,5.20E-05,2.62E-14,1.06E+02,1.05E+02,2.18E-05,5.04E-07,3.38E-03,1.98E+09,2.14E-08,4.33E+01,-2.33E-01
Wafer 121,3.2,450,1.00E+12,3.76E+17,3.90E+16,30,0.019973,130,0.357305,1.43E+17,2.65E+16,10,8.54E-01,8.51E-01,5.22E-05,2.91E-14,1.06E+02,1.05E+02,2.19E-05,4.85E-07,3.51E-03,1.79E+09,2.14E-08,4.51E+01,-2.42E-01
Wafer 113,3.2,300,9.00E+12,3.76E+17,3.90E+16,30,0.019975,130,0.32256,2.91E+17,2.66E+16,10,8.57E-01,8.54E-01,5.16E-05,2.39E-14,1.06E+02,1.05E+02,2.15E-05,3.87E-07,2.83E-03,2.16E+09,2.14E-08,5.56E+01,-1.76E-01
Wafer 105,3.2,300,7.00E+12,3.76E+17,3.90E+16,30,0.019975,130,0.322701,2.27E+17,2.66E+16,10,8.56E-01,8.53E-01,5.16E-05,2.20E-14,1.06E+02,1.05E+02,2.15E-05,4.05E-07,2.96E-03,2.35E+09,2.14E-08,5.32E+01,-1.90E-01
Wafer 97,3.2,300,5.00E+12,3.76E+17,3.90E+16,30,0.019973,130,0.325636,1.63E+17,2.71E+16,10,8.55E-01,8.52E-01,5.17E-05,1.95E-14,1.06E+02,1.05E+02,2.16E-05,4.57E-07,3.17E-03,2.65E+09,2.14E-08,4.73E+01,-2.10E-01
Wafer 89,3.2,300,3.00E+12,3.76E+17,3.90E+16,30,0.019968,130,0.336026,1.44E+17,2.65E+16,10,8.55E-01,8.51E-01,5.19E-05,2.36E-14,1.06E+02,1.05E+02,2.17E-05,4.92E-07,3.35E-03,2.20E+09,2.14E-08,4.41E+01,-2.28E-01
Wafer 81,3.2,300,1.00E+12,3.76E+17,3.90E+16,30,0.019968,130,0.349684,1.43E+17,2.65E+16,10,8.54E-01,8.51E-01,5.20E-05,2.76E-14,1.06E+02,1.05E+02,2.18E-05,5.01E-07,3.50E-03,1.88E+09,2.14E-08,4.36E+01,-2.42E-01
Wafer 73,3.2,250,9.00E+12,3.76E+17,3.90E+16,30,0.019968,130,0.321679,3.15E+17,2.67E+16,10,8.58E-01,8.56E-01,5.14E-05,2.48E-14,1.06E+02,1.05E+02,2.14E-05,3.59E-07,2.54E-03,2.07E+09,2.15E-08,5.96E+01,-1.41E-01
Wafer 65,3.2,250,7.00E+12,3.76E+17,3.90E+16,30,0.019968,130,0.322017,2.46E+17,2.67E+16,10,8.57E-01,8.55E-01,5.15E-05,2.20E-14,1.06E+02,1.05E+02,2.15E-05,3.69E-07,2.75E-03,2.35E+09,2.15E-08,5.82E+01,-1.65E-01
Wafer 57,3.2,250,5.00E+12,3.76E+17,3.90E+16,30,0.019968,130,0.322356,1.77E+17,2.66E+16,10,8.56E-01,8.53E-01,5.16E-05,1.91E-14,1.06E+02,1.05E+02,2.15E-05,3.90E-07,2.98E-03,2.70E+09,2.15E-08,5.53E+01,-1.89E-01
Wafer 49,3.2,250,3.00E+12,3.76E+17,3.90E+16,30,0.019968,130,0.322694,1.44E+17,2.66E+16,10,8.55E-01,8.52E-01,5.17E-05,1.70E-14,1.06E+02,1.05E+02,2.16E-05,4.27E-07,3.21E-03,3.05E+09,2.15E-08,5.07E+01,-2.13E-01
Wafer 41,3.2,250,1.00E+12,3.76E+17,3.90E+16,30,0.019965,130,0.339867,1.44E+17,2.65E+16,10,8.54E-01,8.51E-01,5.20E-05,4.22E-14,1.06E+02,1.05E+02,2.18E-05,5.15E-07,3.47E-03,1.23E+09,2.14E-08,4.23E+01,-2.37E-01
Wafer 33,3.2,150,9.00E+12,3.76E+17,3.90E+16,30,0.019967,130,0.31508,3.17E+17,2.77E+16,10,8.75E-01,8.76E-01,4.98E-05,2.60E-14,1.06E+02,1.06E+02,2.07E-05,3.46E-07,-4.99E-04,1.92E+09,2.16E-08,6.00E+01,2.11E-01
Wafer 25,3.2,150,7.00E+12,3.76E+17,3.90E+16,30,0.019968,130,0.316817,2.48E+17,2.75E+16,10,8.71E-01,8.71E-01,5.02E-05,3.13E-14,1.06E+02,1.06E+02,2.09E-05,3.40E-07,1.54E-04,1.61E+09,2.16E-08,6.13E+01,1.31E-01
Wafer 17,3.2,150,5.00E+12,3.76E+17,3.90E+16,30,0.019968,130,0.318591,1.79E+17,2.72E+16,10,8.66E-01,8.65E-01,5.06E-05,2.78E-14,1.06E+02,1.06E+02,2.10E-05,3.39E-07,9.34E-04,1.82E+09,2.16E-08,6.20E+01,3.78E-02
Wafer 9,3.2,150,3.00E+12,3.76E+17,3.90E+16,30,0.019968,130,0.320405,1.49E+17,2.69E+16,10,8.61E-01,8.60E-01,5.11E-05,4.17E-14,1.06E+02,1.06E+02,2.12E-05,3.42E-07,1.86E-03,1.23E+09,2.15E-08,6.21E+01,-6.44E-02
Wafer 1,3.2,150,1.00E+12,3.76E+17,3.90E+16,30,0.019965,130,0.322261,1.45E+17,2.66E+16,10,8.56E-01,8.53E-01,5.16E-05,7.73E-14,1.06E+02,1.05E+02,2.15E-05,3.83E-07,2.98E-03,6.68E+08,2.15E-08,5.61E+01,-1.79E-01
Wafer 194,3.2,600,9.00E+12,3.76E+17,3.90E+16,30,0.019978,130,0.355158,2.49E+17,2.65E+16,5,8.47E-01,8.41E-01,1.08E-04,2.88E-14,1.06E+02,1.06E+02,4.25E-05,2.04E-06,6.45E-03,3.77E+09,4.36E-08,2.08E+01,-2.99E-01
Wafer 186,3.2,600,7.00E+12,3.76E+17,3.90E+16,30,0.019978,130,0.35587,1.95E+17,2.65E+16,5,8.47E-01,8.41E-01,1.08E-04,3.04E-14,1.06E+02,1.06E+02,4.26E-05,2.04E-06,6.48E-03,3.56E+09,4.36E-08,2.09E+01,-3.01E-01
Wafer 178,3.2,600,5.00E+12,3.76E+17,3.90E+16,30,0.019978,130,0.356588,1.45E+17,2.64E+16,5,8.47E-01,8.41E-01,1.09E-04,2.98E-14,1.06E+02,1.06E+02,4.26E-05,2.03E-06,6.51E-03,3.64E+09,4.36E-08,2.10E+01,-3.04E-01
Wafer 170,3.2,600,3.00E+12,3.76E+17,3.90E+16,30,0.019978,130,0.357312,1.45E+17,2.64E+16,5,8.47E-01,8.40E-01,1.09E-04,2.93E-14,1.06E+02,1.06E+02,4.26E-05,2.03E-06,6.54E-03,3.71E+09,4.36E-08,2.10E+01,-3.07E-01
Wafer 162,3.2,600,1.00E+12,3.76E+17,3.90E+16,30,0.019975,130,0.358043,1.45E+17,2.64E+16,5,8.47E-01,8.40E-01,1.09E-04,3.36E-14,1.06E+02,1.06E+02,4.27E-05,2.03E-06,6.59E-03,3.23E+09,4.36E-08,2.11E+01,-3.12E-01
Wafer 154,3.2,450,9.00E+12,3.76E+17,3.90E+16,30,0.019975,130,0.347771,2.75E+17,2.65E+16,5,8.48E-01,8.41E-01,1.08E-04,2.20E-14,1.06E+02,1.06E+02,4.24E-05,2.02E-06,6.34E-03,4.90E+09,4.36E-08,2.10E+01,-2.89E-01
Wafer 146,3.2,450,7.00E+12,3.76E+17,3.90E+16,30,0.019975,130,0.349988,2.15E+17,2.65E+16,5,8.47E-01,8.41E-01,1.08E-04,2.16E-14,1.06E+02,1.06E+02,4.24E-05,2.03E-06,6.40E-03,5.00E+09,4.36E-08,2.09E+01,-2.94E-01
Wafer 138,3.2,450,5.00E+12,3.76E+17,3.90E+16,30,0.019975,130,0.352287,1.54E+17,2.65E+16,5,8.47E-01,8.41E-01,1.08E-04,2.74E-14,1.06E+02,1.06E+02,4.25E-05,2.05E-06,6.45E-03,3.95E+09,4.36E-08,2.07E+01,-2.99E-01
Wafer 130,3.2,450,3.00E+12,3.76E+17,3.90E+16,30,0.019975,130,0.35467,1.45E+17,2.65E+16,5,8.47E-01,8.40E-01,1.08E-04,2.71E-14,1.06E+02,1.06E+02,4.25E-05,2.03E-06,6.51E-03,3.99E+09,4.36E-08,2.09E+01,-3.05E-01
Wafer 122,3.2,450,1.00E+12,3.76E+17,3.90E+16,30,0.019973,130,0.357305,1.43E+17,2.65E+16,5,8.47E-01,8.40E-01,1.09E-04,3.00E-14,1.06E+02,1.06E+02,4.26E-05,2.00E-06,6.71E-03,3.62E+09,4.37E-08,2.13E+01,-3.18E-01
Wafer 114,3.2,300,9.00E+12,3.76E+17,3.90E+16,30,0.019975,130,0.32256,2.91E+17,2.66E+16,5,8.49E-01,8.43E-01,1.07E-04,2.47E-14,1.06E+02,1.06E+02,4.18E-05,1.38E-06,5.85E-03,4.33E+09,4.37E-08,3.02E+01,-2.39E-01
Wafer 106,3.2,300,7.00E+12,3.76E+17,3.90E+16,30,0.019975,130,0.322701,2.27E+17,2.66E+16,5,8.49E-01,8.43E-01,1.07E-04,2.29E-14,1.06E+02,1.06E+02,4.18E-05,1.40E-06,6.01E-03,4.69E+09,4.37E-08,2.98E+01,-2.55E-01
Wafer 98,3.2,300,5.00E+12,3.76E+17,3.90E+16,30,0.019973,130,0.325636,1.63E+17,2.71E+16,5,8.48E-01,8.42E-01,1.07E-04,2.04E-14,1.06E+02,1.06E+02,4.20E-05,1.50E-06,6.30E-03,5.25E+09,4.36E-08,2.80E+01,-2.80E-01
Wafer 90,3.2,300,3.00E+12,3.76E+17,3.90E+16,30,0.019968,130,0.336026,1.44E+17,2.65E+16,5,8.48E-01,8.41E-01,1.08E-04,2.44E-14,1.06E+02,1.06E+02,4.22E-05,1.72E-06,6.52E-03,4.41E+09,4.37E-08,2.46E+01,-3.00E-01
Wafer 82,3.2,300,1.00E+12,3.76E+17,3.90E+16,30,0.019968,130,0.349684,1.43E+17,2.65E+16,5,8.47E-01,8.40E-01,1.08E-04,2.85E-14,1.06E+02,1.06E+02,4.25E-05,2.01E-06,6.69E-03,3.79E+09,4.37E-08,2.12E+01,-3.17E-01
Wafer 74,3.2,250,9.00E+12,3.76E+17,3.90E+16,30,0.019968,130,0.321679,3.15E+17,2.67E+16,5,8.51E-01,8.46E-01,1.07E-04,2.57E-14,1.06E+02,1.06E+02,4.17E-05,1.34E-06,5.54E-03,4.16E+09,4.38E-08,3.11E+01,-2.01E-01
Wafer 66,3.2,250,7.00E+12,3.76E+17,3.90E+16,30,0.019968,130,0.322017,2.46E+17,2.67E+16,5,8.50E-01,8.44E-01,1.07E-04,2.28E-14,1.06E+02,1.06E+02,4.18E-05,1.35E-06,5.80E-03,4.69E+09,4.38E-08,3.09E+01,-2.28E-01
Wafer 58,3.2,250,5.00E+12,3.76E+17,3.90E+16,30,0.019968,130,0.322356,1.77E+17,2.66E+16,5,8.49E-01,8.43E-01,1.07E-04,2.00E-14,1.06E+02,1.06E+02,4.19E-05,1.39E-06,6.07E-03,5.36E+09,4.37E-08,3.02E+01,-2.55E-01
Wafer 50,3.2,250,3.00E+12,3.76E+17,3.90E+16,30,0.019968,130,0.322694,1.44E+17,2.66E+16,5,8.48E-01,8.42E-01,1.08E-04,1.78E-14,1.06E+02,1.06E+02,4.20E-05,1.45E-06,6.34E-03,6.03E+09,4.37E-08,2.90E+01,-2.83E-01
Wafer 42,3.2,250,1.00E+12,3.76E+17,3.90E+16,30,0.019965,130,0.339867,1.44E+17,2.65E+16,5,8.47E-01,8.40E-01,1.08E-04,4.32E-14,1.06E+02,1.06E+02,4.24E-05,2.01E-06,6.66E-03,2.50E+09,4.37E-08,2.11E+01,-3.13E-01
Wafer 34,3.2,150,9.00E+12,3.76E+17,3.90E+16,30,0.019967,130,0.31508,3.17E+17,2.77E+16,5,8.68E-01,8.66E-01,1.03E-04,2.67E-14,1.06E+02,1.06E+02,4.07E-05,1.31E-06,1.81E-03,3.87E+09,4.43E-08,3.11E+01,2.02E-01
Wafer 26,3.2,150,7.00E+12,3.76E+17,3.90E+16,30,0.019968,130,0.316817,2.48E+17,2.75E+16,5,8.64E-01,8.61E-01,1.04E-04,3.20E-14,1.06E+02,1.06E+02,4.10E-05,1.32E-06,2.63E-03,3.26E+09,4.41E-08,3.11E+01,1.09E-01
Wafer 18,3.2,150,5.00E+12,3.76E+17,3.90E+16,30,0.019968,130,0.318591,1.79E+17,2.72E+16,5,8.59E-01,8.56E-01,1.05E-04,2.86E-14,1.06E+02,1.06E+02,4.12E-05,1.32E-06,3.60E-03,3.68E+09,4.40E-08,3.12E+01,3.03E-03
Wafer 10,3.2,150,3.00E+12,3.76E+17,3.90E+16,30,0.019968,130,0.320405,1.49E+17,2.69E+16,5,8.54E-01,8.50E-01,1.06E-04,4.25E-14,1.06E+02,1.06E+02,4.15E-05,1.33E-06,4.73E-03,2.50E+09,4.39E-08,3.13E+01,-1.16E-01
Wafer 2,3.2,150,1.00E+12,3.76E+17,3.90E+16,30,0.019965,130,0.322261,1.45E+17,2.66E+16,5,8.49E-01,8.43E-01,1.07E-04,7.82E-14,1.06E+02,1.06E+02,4.18E-05,1.38E-06,6.07E-03,1.37E+09,4.37E-08,3.02E+01,-2.51E-01
Wafer 195,3.2,600,9.00E+12,3.76E+17,3.90E+16,30,0.019978,130,0.355158,2.49E+17,2.65E+16,2,8.14E-01,7.94E-01,2.52E-04,3.64E-14,1.08E+02,1.08E+02,7.97E-05,8.26E-06,2.02E-02,6.92E+09,1.11E-07,9.65E+00,-3.20E-01
Wafer 187,3.2,600,7.00E+12,3.76E+17,3.90E+16,30,0.019978,130,0.35587,1.95E+17,2.65E+16,2,8.14E-01,7.94E-01,2.52E-04,3.81E-14,1.08E+02,1.08E+02,7.97E-05,8.82E-06,2.02E-02,6.62E+09,1.11E-07,9.04E+00,-3.24E-01
Wafer 179,3.2,600,5.00E+12,3.76E+17,3.90E+16,30,0.019978,130,0.356588,1.45E+17,2.64E+16,2,8.14E-01,7.94E-01,2.53E-04,3.75E-14,1.08E+02,1.08E+02,7.97E-05,9.52E-06,2.02E-02,6.74E+09,1.11E-07,8.38E+00,-3.27E-01
Wafer 171,3.2,600,3.00E+12,3.76E+17,3.90E+16,30,0.019978,130,0.357312,1.45E+17,2.64E+16,2,8.14E-01,7.94E-01,2.53E-04,3.70E-14,1.08E+02,1.08E+02,7.96E-05,1.05E-05,2.01E-02,6.84E+09,1.11E-07,7.61E+00,-3.31E-01
Wafer 163,3.2,600,1.00E+12,3.76E+17,3.90E+16,30,0.019975,130,0.358043,1.45E+17,2.64E+16,2,8.14E-01,7.94E-01,2.54E-04,4.14E-14,1.08E+02,1.08E+02,7.94E-05,1.19E-05,2.01E-02,6.13E+09,1.11E-07,6.69E+00,-3.39E-01
Wafer 155,3.2,450,9.00E+12,3.76E+17,3.90E+16,30,0.019975,130,0.347771,2.75E+17,2.65E+16,2,8.15E-01,7.94E-01,2.51E-04,2.96E-14,1.08E+02,1.08E+02,8.00E-05,6.41E-06,2.02E-02,8.47E+09,1.11E-07,1.25E+01,-3.05E-01
Wafer 147,3.2,450,7.00E+12,3.76E+17,3.90E+16,30,0.019975,130,0.349988,2.15E+17,2.65E+16,2,8.14E-01,7.94E-01,2.51E-04,2.92E-14,1.08E+02,1.08E+02,7.99E-05,6.61E-06,2.02E-02,8.60E+09,1.11E-07,1.21E+01,-3.13E-01
Wafer 139,3.2,450,5.00E+12,3.76E+17,3.90E+16,30,0.019975,130,0.352287,1.54E+17,2.65E+16,2,8.14E-01,7.94E-01,2.52E-04,3.50E-14,1.08E+02,1.08E+02,7.98E-05,6.95E-06,2.02E-02,7.18E+09,1.11E-07,1.15E+01,-3.21E-01
Wafer 131,3.2,450,3.00E+12,3.76E+17,3.90E+16,30,0.019975,130,0.35467,1.45E+17,2.65E+16,2,8.14E-01,7.94E-01,2.52E-04,3.48E-14,1.08E+02,1.08E+02,7.97E-05,7.58E-06,2.01E-02,7.24E+09,1.11E-07,1.05E+01,-3.29E-01
Wafer 123,3.2,450,1.00E+12,3.76E+17,3.90E+16,30,0.019973,130,0.357305,1.43E+17,2.65E+16,2,8.15E-01,7.94E-01,2.54E-04,3.77E-14,1.08E+02,1.08E+02,7.84E-05,1.39E-05,2.06E-02,6.74E+09,1.11E-07,5.65E+00,-3.53E-01
Wafer 115,3.2,300,9.00E+12,3.76E+17,3.90E+16,30,0.019975,130,0.32256,2.91E+17,2.66E+16,2,8.16E-01,7.96E-01,2.50E-04,3.22E-14,1.08E+02,1.08E+02,8.07E-05,5.28E-06,2.05E-02,7.76E+09,1.11E-07,1.53E+01,-2.36E-01
Wafer 107,3.2,300,7.00E+12,3.76E+17,3.90E+16,30,0.019975,130,0.322701,2.27E+17,2.66E+16,2,8.16E-01,7.95E-01,2.50E-04,3.04E-14,1.08E+02,1.08E+02,8.06E-05,5.40E-06,2.04E-02,8.23E+09,1.11E-07,1.49E+01,-2.59E-01
Wafer 99,3.2,300,5.00E+12,3.76E+17,3.90E+16,30,0.019973,130,0.325636,1.63E+17,2.71E+16,2,8.16E-01,7.95E-01,2.50E-04,2.80E-14,1.08E+02,1.08E+02,8.06E-05,5.50E-06,2.06E-02,8.94E+09,1.10E-07,1.47E+01,-3.02E-01
Wafer 91,3.2,300,3.00E+12,3.76E+17,3.90E+16,30,0.019968,130,0.336026,1.44E+17,2.65E+16,2,8.15E-01,7.95E-01,2.52E-04,3.21E-14,1.08E+02,1.08E+02,7.91E-05,7.23E-06,2.07E-02,7.85E+09,1.11E-07,1.09E+01,-3.28E-01
Wafer 83,3.2,300,1.00E+12,3.76E+17,3.90E+16,30,0.019968,130,0.349684,1.43E+17,2.65E+16,2,8.15E-01,7.94E-01,2.52E-04,3.62E-14,1.08E+02,1.08E+02,7.85E-05,8.85E-06,2.06E-02,6.97E+09,1.11E-07,8.86E+00,-3.52E-01
Wafer 75,3.2,250,9.00E+12,3.76E+17,3.90E+16,30,0.019968,130,0.321679,3.15E+17,2.67E+16,2,8.19E-01,7.98E-01,2.50E-04,3.30E-14,1.08E+02,1.08E+02,8.06E-05,5.22E-06,2.13E-02,7.55E+09,1.12E-07,1.54E+01,-1.90E-01
Wafer 67,3.2,250,7.00E+12,3.76E+17,3.90E+16,30,0.019968,130,0.322017,2.46E+17,2.67E+16,2,8.18E-01,7.97E-01,2.50E-04,3.03E-14,1.08E+02,1.08E+02,8.04E-05,5.43E-06,2.11E-02,8.26E+09,1.12E-07,1.48E+01,-2.27E-01
Wafer 59,3.2,250,5.00E+12,3.76E+17,3.90E+16,30,0.019968,130,0.322356,1.77E+17,2.66E+16,2,8.17E-01,7.96E-01,2.51E-04,2.75E-14,1.08E+02,1.08E+02,8.02E-05,5.77E-06,2.10E-02,9.11E+09,1.12E-07,1.39E+01,-2.65E-01
Wafer 51,3.2,250,3.00E+12,3.76E+17,3.90E+16,30,0.019968,130,0.322694,1.44E+17,2.66E+16,2,8.16E-01,7.95E-01,2.51E-04,2.54E-14,1.08E+02,1.08E+02,7.96E-05,6.40E-06,2.08E-02,9.88E+09,1.11E-07,1.24E+01,-3.04E-01
Wafer 43,3.2,250,1.00E+12,3.76E+17,3.90E+16,30,0.019965,130,0.339867,1.44E+17,2.65E+16,2,8.15E-01,7.94E-01,2.52E-04,5.08E-14,1.08E+02,1.08E+02,7.87E-05,8.00E-06,2.06E-02,4.96E+09,1.11E-07,9.84E+00,-3.47E-01
Wafer 35,3.2,150,9.00E+12,3.76E+17,3.90E+16,30,0.019967,130,0.31508,3.17E+17,2.77E+16,2,8.37E-01,8.21E-01,2.43E-04,3.29E-14,1.08E+02,1.08E+02,7.95E-05,3.88E-06,1.56E-02,7.39E+09,1.15E-07,2.05E+01,3.79E-01
Wafer 27,3.2,150,7.00E+12,3.76E+17,3.90E+16,30,0.019968,130,0.316817,2.48E+17,2.75E+16,2,8.32E-01,8.15E-01,2.45E-04,3.85E-14,1.08E+02,1.08E+02,7.97E-05,3.97E-06,1.74E-02,6.35E+09,1.14E-07,2.01E+01,2.47E-01
Wafer 19,3.2,150,5.00E+12,3.76E+17,3.90E+16,30,0.019968,130,0.318591,1.79E+17,2.72E+16,2,8.27E-01,8.08E-01,2.46E-04,3.54E-14,1.08E+02,1.08E+02,8.01E-05,4.16E-06,1.94E-02,6.95E+09,1.14E-07,1.92E+01,9.75E-02
Wafer 11,3.2,150,3.00E+12,3.76E+17,3.90E+16,30,0.019968,130,0.320405,1.49E+17,2.69E+16,2,8.22E-01,8.01E-01,2.48E-04,4.97E-14,1.08E+02,1.08E+02,8.05E-05,4.57E-06,2.16E-02,4.99E+09,1.13E-07,1.76E+01,-7.08E-02
Wafer 3,3.2,150,1.00E+12,3.76E+17,3.90E+16,30,0.019965,130,0.322261,1.45E+17,2.66E+16,2,8.17E-01,7.96E-01,2.51E-04,8.59E-14,1.08E+02,1.08E+02,7.98E-05,6.06E-06,2.10E-02,2.92E+09,1.12E-07,1.32E+01,-2.63E-01
Wafer 196,3.2,600,9.00E+12,3.76E+17,3.90E+16,30,0.019978,130,0.355158,2.49E+17,2.65E+16,1.6,7.97E-01,7.73E-01,3.14E-04,4.67E-14,1.09E+02,1.09E+02,8.86E-05,3.47E-05,2.39E-02,6.72E+09,1.48E-07,2.55E+00,-1.02E-01
Wafer 188,3.2,600,7.00E+12,3.76E+17,3.90E+16,30,0.019978,130,0.35587,1.95E+17,2.65E+16,1.6,7.97E-01,7.73E-01,3.14E-04,4.84E-14,1.09E+02,1.09E+02,8.87E-05,3.51E-05,2.38E-02,6.50E+09,1.48E-07,2.53E+00,-1.02E-01
Wafer 180,3.2,600,5.00E+12,3.76E+17,3.90E+16,30,0.019978,130,0.356588,1.45E+17,2.64E+16,1.6,7.97E-01,7.73E-01,3.15E-04,4.78E-14,1.09E+02,1.09E+02,8.88E-05,3.56E-05,2.38E-02,6.59E+09,1.48E-07,2.49E+00,-1.02E-01
Wafer 172,3.2,600,3.00E+12,3.76E+17,3.90E+16,30,0.019978,130,0.357312,1.45E+17,2.64E+16,1.6,7.97E-01,7.73E-01,3.15E-04,4.73E-14,1.09E+02,1.09E+02,8.89E-05,3.65E-05,2.38E-02,6.66E+09,1.48E-07,2.43E+00,-1.03E-01
Wafer 164,3.2,600,1.00E+12,3.76E+17,3.90E+16,30,0.019975,130,0.358043,1.45E+17,2.64E+16,1.6,7.97E-01,7.73E-01,3.16E-04,5.18E-14,1.09E+02,1.09E+02,8.92E-05,3.89E-05,2.38E-02,6.10E+09,1.48E-07,2.29E+00,-1.03E-01
Wafer 156,3.2,450,9.00E+12,3.76E+17,3.90E+16,30,0.019975,130,0.347771,2.75E+17,2.65E+16,1.6,7.98E-01,7.74E-01,3.12E-04,3.99E-14,1.09E+02,1.09E+02,8.79E-05,3.27E-05,2.39E-02,7.84E+09,1.48E-07,2.69E+00,-1.06E-01
Wafer 148,3.2,450,7.00E+12,3.76E+17,3.90E+16,30,0.019975,130,0.349988,2.15E+17,2.65E+16,1.6,7.97E-01,7.74E-01,3.13E-04,3.95E-14,1.09E+02,1.09E+02,8.80E-05,3.30E-05,2.38E-02,7.92E+09,1.48E-07,2.67E+00,-1.06E-01
Wafer 140,3.2,450,5.00E+12,3.76E+17,3.90E+16,30,0.019975,130,0.352287,1.54E+17,2.65E+16,1.6,7.97E-01,7.73E-01,3.13E-04,4.53E-14,1.09E+02,1.09E+02,8.82E-05,3.35E-05,2.38E-02,6.91E+09,1.48E-07,2.64E+00,-1.03E-01
Wafer 132,3.2,450,3.00E+12,3.76E+17,3.90E+16,30,0.019975,130,0.35467,1.45E+17,2.65E+16,1.6,7.97E-01,7.73E-01,3.14E-04,4.51E-14,1.09E+02,1.09E+02,8.84E-05,3.41E-05,2.38E-02,6.96E+09,1.48E-07,2.59E+00,-1.03E-01
Wafer 124,3.2,450,1.00E+12,3.76E+17,3.90E+16,30,0.019973,130,0.357305,1.43E+17,2.65E+16,1.6,7.98E-01,7.73E-01,3.18E-04,4.80E-14,1.10E+02,1.09E+02,9.02E-05,3.79E-05,2.45E-02,6.62E+09,1.48E-07,2.38E+00,-1.37E-01
Wafer 116,3.2,300,9.00E+12,3.76E+17,3.90E+16,30,0.019975,130,0.32256,2.91E+17,2.66E+16,1.6,7.99E-01,7.75E-01,3.09E-04,4.22E-14,1.10E+02,1.09E+02,8.65E-05,2.92E-05,2.40E-02,7.31E+09,1.48E-07,2.96E+00,-1.03E-01
Wafer 108,3.2,300,7.00E+12,3.76E+17,3.90E+16,30,0.019975,130,0.322701,2.27E+17,2.66E+16,1.6,7.99E-01,7.75E-01,3.10E-04,4.05E-14,1.10E+02,1.09E+02,8.68E-05,2.98E-05,2.40E-02,7.65E+09,1.48E-07,2.91E+00,-1.04E-01
Wafer 100,3.2,300,5.00E+12,3.76E+17,3.90E+16,30,0.019973,130,0.325636,1.63E+17,2.71E+16,1.6,7.99E-01,7.74E-01,3.09E-04,3.81E-14,1.10E+02,1.10E+02,8.71E-05,3.10E-05,2.44E-02,8.13E+09,1.47E-07,2.81E+00,-1.42E-01
Wafer 92,3.2,300,3.00E+12,3.76E+17,3.90E+16,30,0.019968,130,0.336026,1.44E+17,2.65E+16,1.6,7.98E-01,7.74E-01,3.14E-04,4.23E-14,1.10E+02,1.09E+02,8.88E-05,3.34E-05,2.45E-02,7.43E+09,1.48E-07,2.66E+00,-1.38E-01
Wafer 84,3.2,300,1.00E+12,3.76E+17,3.90E+16,30,0.019968,130,0.349684,1.43E+17,2.65E+16,1.6,7.98E-01,7.73E-01,3.16E-04,4.65E-14,1.10E+02,1.09E+02,8.95E-05,3.48E-05,2.44E-02,6.79E+09,1.48E-07,2.57E+00,-1.37E-01
Wafer 76,3.2,250,9.00E+12,3.76E+17,3.90E+16,30,0.019968,130,0.321679,3.15E+17,2.67E+16,1.6,8.01E-01,7.77E-01,3.09E-04,4.29E-14,1.10E+02,1.10E+02,8.66E-05,2.91E-05,2.49E-02,7.20E+09,1.48E-07,2.97E+00,-1.37E-01
Wafer 68,3.2,250,7.00E+12,3.76E+17,3.90E+16,30,0.019968,130,0.322017,2.46E+17,2.67E+16,1.6,8.01E-01,7.76E-01,3.10E-04,4.02E-14,1.10E+02,1.10E+02,8.70E-05,3.01E-05,2.47E-02,7.71E+09,1.48E-07,2.89E+00,-1.37E-01
Wafer 60,3.2,250,5.00E+12,3.76E+17,3.90E+16,30,0.019968,130,0.322356,1.77E+17,2.66E+16,1.6,8.00E-01,7.75E-01,3.11E-04,3.76E-14,1.10E+02,1.10E+02,8.75E-05,3.13E-05,2.46E-02,8.28E+09,1.48E-07,2.80E+00,-1.38E-01
Wafer 52,3.2,250,3.00E+12,3.76E+17,3.90E+16,30,0.019968,130,0.322694,1.44E+17,2.66E+16,1.6,7.99E-01,7.74E-01,3.13E-04,3.56E-14,1.10E+02,1.09E+02,8.82E-05,3.25E-05,2.45E-02,8.79E+09,1.48E-07,2.72E+00,-1.39E-01
Wafer 44,3.2,250,1.00E+12,3.76E+17,3.90E+16,30,0.019965,130,0.339867,1.44E+17,2.65E+16,1.6,7.98E-01,7.74E-01,3.15E-04,6.11E-14,1.10E+02,1.09E+02,8.92E-05,3.43E-05,2.44E-02,5.16E+09,1.48E-07,2.60E+00,-1.31E-01
Wafer 36,3.2,150,9.00E+12,3.76E+17,3.90E+16,30,0.019967,130,0.31508,3.17E+17,2.77E+16,1.6,8.16E-01,7.90E-01,2.95E-04,4.11E-14,1.09E+02,1.10E+02,8.89E-05,5.47E-06,2.67E-02,7.17E+09,1.47E-07,1.62E+01,6.59E-01
Wafer 28,3.2,150,7.00E+12,3.76E+17,3.90E+16,30,0.019968,130,0.316817,2.48E+17,2.75E+16,1.6,8.12E-01,7.86E-01,2.97E-04,4.71E-14,1.10E+02,1.10E+02,8.74E-05,7.04E-06,2.62E-02,6.30E+09,1.48E-07,1.24E+01,5.25E-01
Wafer 20,3.2,150,5.00E+12,3.76E+17,3.90E+16,30,0.019968,130,0.318591,1.79E+17,2.72E+16,1.6,8.08E-01,7.83E-01,3.00E-04,4.45E-14,1.10E+02,1.10E+02,8.50E-05,1.29E-05,2.57E-02,6.74E+09,1.48E-07,6.60E+00,3.73E-01
Wafer 12,3.2,150,3.00E+12,3.76E+17,3.90E+16,30,0.019968,130,0.320405,1.49E+17,2.69E+16,1.6,8.04E-01,7.79E-01,3.04E-04,5.92E-14,1.10E+02,1.10E+02,8.47E-05,2.30E-05,2.52E-02,5.14E+09,1.48E-07,3.69E+00,-6.05E-02
Wafer 4,3.2,150,1.00E+12,3.76E+17,3.90E+16,30,0.019965,130,0.322261,1.45E+17,2.66E+16,1.6,8.00E-01,7.75E-01,3.12E-04,9.60E-14,1.10E+02,1.10E+02,8.79E-05,3.20E-05,2.47E-02,3.25E+09,1.48E-07,2.75E+00,-1.15E-01
Wafer 197,3.2,600,9.00E+12,3.76E+17,3.90E+16,30,0.019978,130,0.355158,2.49E+17,2.65E+16,1.2,7.64E-01,7.31E-01,4.30E-04,9.22E-14,1.07E+02,1.05E+02,1.18E-04,5.63E-05,3.28E-02,4.67E+09,2.19E-07,2.10E+00,-1.48E+00
Wafer 189,3.2,600,7.00E+12,3.76E+17,3.90E+16,30,0.019978,130,0.35587,1.95E+17,2.65E+16,1.2,7.64E-01,7.31E-01,4.31E-04,9.39E-14,1.07E+02,1.05E+02,1.18E-04,5.63E-05,3.28E-02,4.59E+09,2.19E-07,2.10E+00,-1.48E+00
Wafer 181,3.2,600,5.00E+12,3.76E+17,3.90E+16,30,0.019978,130,0.356588,1.45E+17,2.64E+16,1.2,7.64E-01,7.31E-01,4.32E-04,9.35E-14,1.07E+02,1.05E+02,1.18E-04,5.61E-05,3.28E-02,4.62E+09,2.19E-07,2.11E+00,-1.49E+00
Wafer 173,3.2,600,3.00E+12,3.76E+17,3.90E+16,30,0.019978,130,0.357312,1.45E+17,2.64E+16,1.2,7.63E-01,7.31E-01,4.32E-04,9.32E-14,1.07E+02,1.05E+02,1.19E-04,5.60E-05,3.29E-02,4.64E+09,2.19E-07,2.12E+00,-1.49E+00
Wafer 165,3.2,600,1.00E+12,3.76E+17,3.90E+16,30,0.019975,130,0.358043,1.45E+17,2.64E+16,1.2,7.63E-01,7.30E-01,4.34E-04,1.01E-13,1.07E+02,1.05E+02,1.19E-04,5.56E-05,3.29E-02,4.29E+09,2.19E-07,2.14E+00,-1.51E+00
Wafer 157,3.2,450,9.00E+12,3.76E+17,3.90E+16,30,0.019975,130,0.347771,2.75E+17,2.65E+16,1.2,7.64E-01,7.32E-01,4.26E-04,8.55E-14,1.07E+02,1.05E+02,1.17E-04,5.21E-05,3.26E-02,4.98E+09,2.19E-07,2.24E+00,-1.45E+00
Wafer 149,3.2,450,7.00E+12,3.76E+17,3.90E+16,30,0.019975,130,0.349988,2.15E+17,2.65E+16,1.2,7.64E-01,7.31E-01,4.27E-04,8.50E-14,1.07E+02,1.05E+02,1.17E-04,5.33E-05,3.26E-02,5.02E+09,2.19E-07,2.19E+00,-1.46E+00
Wafer 141,3.2,450,5.00E+12,3.76E+17,3.90E+16,30,0.019975,130,0.352287,1.54E+17,2.65E+16,1.2,7.64E-01,7.31E-01,4.28E-04,9.07E-14,1.07E+02,1.05E+02,1.17E-04,5.48E-05,3.26E-02,4.72E+09,2.19E-07,2.14E+00,-1.46E+00
Wafer 133,3.2,450,3.00E+12,3.76E+17,3.90E+16,30,0.019975,130,0.35467,1.45E+17,2.65E+16,1.2,7.64E-01,7.31E-01,4.29E-04,9.07E-14,1.07E+02,1.05E+02,1.18E-04,5.59E-05,3.27E-02,4.73E+09,2.19E-07,2.11E+00,-1.47E+00
Wafer 125,3.2,450,1.00E+12,3.76E+17,3.90E+16,30,0.019973,130,0.357305,1.43E+17,2.65E+16,1.2,7.65E-01,7.31E-01,4.36E-04,9.39E-14,1.07E+02,1.05E+02,1.20E-04,5.37E-05,3.39E-02,4.65E+09,2.20E-07,2.23E+00,-1.55E+00
Wafer 117,3.2,300,9.00E+12,3.76E+17,3.90E+16,30,0.019975,130,0.32256,2.91E+17,2.66E+16,1.2,7.66E-01,7.33E-01,4.19E-04,8.63E-14,1.07E+02,1.06E+02,1.15E-04,4.85E-05,3.24E-02,4.86E+09,2.20E-07,2.37E+00,-1.41E+00
Wafer 109,3.2,300,7.00E+12,3.76E+17,3.90E+16,30,0.019975,130,0.322701,2.27E+17,2.66E+16,1.2,7.65E-01,7.33E-01,4.20E-04,8.48E-14,1.07E+02,1.05E+02,1.15E-04,4.86E-05,3.24E-02,4.96E+09,2.20E-07,2.37E+00,-1.41E+00
Wafer 101,3.2,300,5.00E+12,3.76E+17,3.90E+16,30,0.019973,130,0.325636,1.63E+17,2.71E+16,1.2,7.66E-01,7.33E-01,4.21E-04,8.24E-14,1.07E+02,1.06E+02,1.16E-04,5.11E-05,3.31E-02,5.11E+09,2.17E-07,2.26E+00,-1.47E+00
Wafer 93,3.2,300,3.00E+12,3.76E+17,3.90E+16,30,0.019968,130,0.336026,1.44E+17,2.65E+16,1.2,7.66E-01,7.32E-01,4.27E-04,8.76E-14,1.07E+02,1.06E+02,1.17E-04,4.92E-05,3.35E-02,4.88E+09,2.20E-07,2.38E+00,-1.49E+00
Wafer 85,3.2,300,1.00E+12,3.76E+17,3.90E+16,30,0.019968,130,0.349684,1.43E+17,2.65E+16,1.2,7.65E-01,7.31E-01,4.31E-04,9.25E-14,1.07E+02,1.06E+02,1.18E-04,5.31E-05,3.36E-02,4.66E+09,2.20E-07,2.23E+00,-1.51E+00
Wafer 77,3.2,250,9.00E+12,3.76E+17,3.90E+16,30,0.019968,130,0.321679,3.15E+17,2.67E+16,1.2,7.69E-01,7.36E-01,4.19E-04,8.61E-14,1.08E+02,1.06E+02,1.15E-04,4.76E-05,3.33E-02,4.87E+09,2.21E-07,2.41E+00,-1.43E+00
Wafer 69,3.2,250,7.00E+12,3.76E+17,3.90E+16,30,0.019968,130,0.322017,2.46E+17,2.67E+16,1.2,7.68E-01,7.35E-01,4.21E-04,8.39E-14,1.07E+02,1.06E+02,1.15E-04,4.77E-05,3.33E-02,5.01E+09,2.20E-07,2.42E+00,-1.44E+00
Wafer 61,3.2,250,5.00E+12,3.76E+17,3.90E+16,30,0.019968,130,0.322356,1.77E+17,2.66E+16,1.2,7.67E-01,7.34E-01,4.23E-04,8.18E-14,1.07E+02,1.06E+02,1.16E-04,4.81E-05,3.33E-02,5.16E+09,2.20E-07,2.41E+00,-1.46E+00
Wafer 53,3.2,250,3.00E+12,3.76E+17,3.90E+16,30,0.019968,130,0.322694,1.44E+17,2.66E+16,1.2,7.66E-01,7.33E-01,4.25E-04,8.04E-14,1.07E+02,1.06E+02,1.17E-04,4.83E-05,3.34E-02,5.29E+09,2.20E-07,2.41E+00,-1.48E+00
Wafer 45,3.2,250,1.00E+12,3.76E+17,3.90E+16,30,0.019965,130,0.339867,1.44E+17,2.65E+16,1.2,7.65E-01,7.32E-01,4.29E-04,1.07E-13,1.07E+02,1.06E+02,1.18E-04,5.12E-05,3.36E-02,4.02E+09,2.20E-07,2.30E+00,-1.50E+00
Wafer 37,3.2,150,9.00E+12,3.76E+17,3.90E+16,30,0.019967,130,0.31508,3.17E+17,2.77E+16,1.2,7.84E-01,7.51E-01,3.91E-04,7.65E-14,1.09E+02,1.08E+02,1.05E-04,4.50E-05,3.35E-02,5.10E+09,2.25E-07,2.34E+00,-1.21E+00
Wafer 29,3.2,150,7.00E+12,3.76E+17,3.90E+16,30,0.019968,130,0.316817,2.48E+17,2.75E+16,1.2,7.80E-01,7.47E-01,3.97E-04,8.44E-14,1.09E+02,1.08E+02,1.08E-04,4.69E-05,3.33E-02,4.70E+09,2.24E-07,2.29E+00,-1.25E+00
Wafer 21,3.2,150,5.00E+12,3.76E+17,3.90E+16,30,0.019968,130,0.318591,1.79E+17,2.72E+16,1.2,7.76E-01,7.43E-01,4.04E-04,8.39E-14,1.08E+02,1.07E+02,1.10E-04,4.78E-05,3.32E-02,4.82E+09,2.23E-07,2.30E+00,-1.30E+00
Wafer 13,3.2,150,3.00E+12,3.76E+17,3.90E+16,30,0.019968,130,0.320405,1.49E+17,2.69E+16,1.2,7.72E-01,7.39E-01,4.13E-04,1.01E-13,1.08E+02,1.06E+02,1.13E-04,4.78E-05,3.32E-02,4.09E+09,2.22E-07,2.35E+00,-1.37E+00
Wafer 5,3.2,150,1.00E+12,3.76E+17,3.90E+16,30,0.019965,130,0.322261,1.45E+17,2.66E+16,1.2,7.67E-01,7.34E-01,4.24E-04,1.40E-13,1.07E+02,1.06E+02,1.16E-04,4.82E-05,3.34E-02,3.03E+09,2.20E-07,2.41E+00,-1.45E+00
Wafer 198,3.2,600,9.00E+12,3.76E+17,3.90E+16,30,0.019978,130,0.355158,2.49E+17,2.65E+16,1,7.25E-01,6.68E-01,5.17E-04,2.47E-13,1.05E+02,1.01E+02,1.35E-04,4.57E-05,5.75E-02,2.09E+09,2.63E-07,2.95E+00,-3.31E+00
Wafer 190,3.2,600,7.00E+12,3.76E+17,3.90E+16,30,0.019978,130,0.35587,1.95E+17,2.65E+16,1,7.25E-01,6.67E-01,5.17E-04,2.50E-13,1.05E+02,1.01E+02,1.35E-04,4.55E-05,5.78E-02,2.07E+09,2.63E-07,2.97E+00,-3.34E+00
Wafer 182,3.2,600,5.00E+12,3.76E+17,3.90E+16,30,0.019978,130,0.356588,1.45E+17,2.64E+16,1,7.25E-01,6.67E-01,5.18E-04,2.53E-13,1.05E+02,1.01E+02,1.35E-04,4.52E-05,5.82E-02,2.05E+09,2.63E-07,2.99E+00,-3.36E+00
Wafer 174,3.2,600,3.00E+12,3.76E+17,3.90E+16,30,0.019978,130,0.357312,1.45E+17,2.64E+16,1,7.25E-01,6.66E-01,5.18E-04,2.72E-13,1.05E+02,1.01E+02,1.35E-04,4.49E-05,5.86E-02,1.90E+09,2.63E-07,3.01E+00,-3.39E+00
Wafer 166,3.2,600,1.00E+12,3.76E+17,3.90E+16,30,0.019975,130,0.358043,1.45E+17,2.64E+16,1,7.25E-01,6.65E-01,5.19E-04,1.57E-12,1.05E+02,1.01E+02,1.35E-04,4.44E-05,5.93E-02,3.30E+08,2.63E-07,3.05E+00,-3.41E+00
Wafer 158,3.2,450,9.00E+12,3.76E+17,3.90E+16,30,0.019975,130,0.347771,2.75E+17,2.65E+16,1,7.26E-01,6.70E-01,5.14E-04,2.36E-13,1.05E+02,1.02E+02,1.34E-04,4.75E-05,5.56E-02,2.17E+09,2.63E-07,2.83E+00,-3.09E+00
Wafer 150,3.2,450,7.00E+12,3.76E+17,3.90E+16,30,0.019975,130,0.349988,2.15E+17,2.65E+16,1,7.25E-01,6.69E-01,5.14E-04,2.37E-13,1.05E+02,1.02E+02,1.34E-04,4.71E-05,5.60E-02,2.17E+09,2.63E-07,2.85E+00,-3.13E+00
Wafer 142,3.2,450,5.00E+12,3.76E+17,3.90E+16,30,0.019975,130,0.352287,1.54E+17,2.65E+16,1,7.25E-01,6.69E-01,5.15E-04,2.43E-13,1.05E+02,1.01E+02,1.34E-04,4.67E-05,5.65E-02,2.12E+09,2.63E-07,2.88E+00,-3.19E+00
Wafer 134,3.2,450,3.00E+12,3.76E+17,3.90E+16,30,0.019975,130,0.35467,1.45E+17,2.65E+16,1,7.25E-01,6.68E-01,5.16E-04,2.45E-13,1.05E+02,1.01E+02,1.35E-04,4.60E-05,5.71E-02,2.11E+09,2.63E-07,2.93E+00,-3.26E+00
Wafer 126,3.2,450,1.00E+12,3.76E+17,3.90E+16,30,0.019973,130,0.357305,1.43E+17,2.65E+16,1,7.27E-01,6.67E-01,5.21E-04,2.56E-13,1.05E+02,1.02E+02,1.36E-04,4.19E-05,6.03E-02,2.04E+09,2.65E-07,3.24E+00,-3.54E+00
Wafer 118,3.2,300,9.00E+12,3.76E+17,3.90E+16,30,0.019975,130,0.32256,2.91E+17,2.66E+16,1,7.27E-01,6.74E-01,5.05E-04,2.30E-13,1.05E+02,1.02E+02,1.32E-04,4.80E-05,5.28E-02,2.19E+09,2.65E-07,2.75E+00,-2.78E+00
Wafer 110,3.2,300,7.00E+12,3.76E+17,3.90E+16,30,0.019975,130,0.322701,2.27E+17,2.66E+16,1,7.27E-01,6.74E-01,5.07E-04,2.31E-13,1.05E+02,1.02E+02,1.32E-04,4.82E-05,5.32E-02,2.20E+09,2.64E-07,2.75E+00,-2.81E+00
Wafer 102,3.2,300,5.00E+12,3.76E+17,3.90E+16,30,0.019973,130,0.325636,1.63E+17,2.71E+16,1,7.28E-01,6.73E-01,5.09E-04,2.28E-13,1.05E+02,1.02E+02,1.33E-04,4.93E-05,5.45E-02,2.23E+09,2.60E-07,2.70E+00,-2.98E+00
Wafer 94,3.2,300,3.00E+12,3.76E+17,3.90E+16,30,0.019968,130,0.336026,1.44E+17,2.65E+16,1,7.28E-01,6.72E-01,5.15E-04,2.39E-13,1.05E+02,1.02E+02,1.35E-04,4.56E-05,5.62E-02,2.15E+09,2.65E-07,2.95E+00,-3.12E+00
Wafer 86,3.2,300,1.00E+12,3.76E+17,3.90E+16,30,0.019968,130,0.349684,1.43E+17,2.65E+16,1,7.27E-01,6.69E-01,5.18E-04,2.47E-13,1.05E+02,1.02E+02,1.35E-04,4.38E-05,5.81E-02,2.09E+09,2.65E-07,3.09E+00,-3.35E+00
Wafer 78,3.2,250,9.00E+12,3.76E+17,3.90E+16,30,0.019968,130,0.321679,3.15E+17,2.67E+16,1,7.31E-01,6.78E-01,5.05E-04,2.27E-13,1.06E+02,1.03E+02,1.32E-04,4.64E-05,5.31E-02,2.22E+09,2.68E-07,2.85E+00,-2.83E+00
Wafer 70,3.2,250,7.00E+12,3.76E+17,3.90E+16,30,0.019968,130,0.322017,2.46E+17,2.67E+16,1,7.31E-01,6.77E-01,5.06E-04,2.27E-13,1.06E+02,1.03E+02,1.32E-04,4.60E-05,5.35E-02,2.23E+09,2.67E-07,2.88E+00,-2.86E+00
Wafer 62,3.2,250,5.00E+12,3.76E+17,3.90E+16,30,0.019968,130,0.322356,1.77E+17,2.66E+16,1,7.30E-01,6.76E-01,5.08E-04,2.27E-13,1.05E+02,1.02E+02,1.33E-04,4.62E-05,5.41E-02,2.23E+09,2.67E-07,2.88E+00,-2.90E+00
Wafer 54,3.2,250,3.00E+12,3.76E+17,3.90E+16,30,0.019968,130,0.322694,1.44E+17,2.66E+16,1,7.29E-01,6.74E-01,5.11E-04,2.29E-13,1.05E+02,1.02E+02,1.34E-04,4.66E-05,5.49E-02,2.23E+09,2.66E-07,2.87E+00,-2.97E+00
Wafer 46,3.2,250,1.00E+12,3.76E+17,3.90E+16,30,0.019965,130,0.339867,1.44E+17,2.65E+16,1,7.28E-01,6.70E-01,5.17E-04,2.61E-13,1.05E+02,1.02E+02,1.35E-04,4.49E-05,5.72E-02,1.98E+09,2.65E-07,3.01E+00,-3.25E+00
Wafer 38,3.2,150,9.00E+12,3.76E+17,3.90E+16,30,0.019967,130,0.31508,3.17E+17,2.77E+16,1,7.48E-01,7.01E-01,4.74E-04,1.85E-13,1.07E+02,1.05E+02,1.25E-04,5.41E-05,4.67E-02,2.56E+09,2.81E-07,2.31E+00,-2.31E+00
Wafer 30,3.2,150,7.00E+12,3.76E+17,3.90E+16,30,0.019968,130,0.316817,2.48E+17,2.75E+16,1,7.44E-01,6.96E-01,4.82E-04,2.01E-13,1.07E+02,1.04E+02,1.27E-04,5.22E-05,4.80E-02,2.40E+09,2.78E-07,2.43E+00,-2.43E+00
Wafer 22,3.2,150,5.00E+12,3.76E+17,3.90E+16,30,0.019968,130,0.318591,1.79E+17,2.72E+16,1,7.39E-01,6.90E-01,4.89E-04,2.08E-13,1.06E+02,1.04E+02,1.28E-04,5.03E-05,4.95E-02,2.35E+09,2.74E-07,2.55E+00,-2.56E+00
Wafer 14,3.2,150,3.00E+12,3.76E+17,3.90E+16,30,0.019968,130,0.320405,1.49E+17,2.69E+16,1,7.35E-01,6.83E-01,4.98E-04,2.35E-13,1.06E+02,1.03E+02,1.30E-04,4.83E-05,5.14E-02,2.12E+09,2.71E-07,2.70E+00,-2.70E+00
Wafer 6,3.2,150,1.00E+12,3.76E+17,3.90E+16,30,0.019965,130,0.322261,1.45E+17,2.66E+16,1,7.30E-01,6.75E-01,5.09E-04,2.85E-13,1.06E+02,1.02E+02,1.33E-04,4.63E-05,5.43E-02,1.78E+09,2.67E-07,2.88E+00,-2.91E+00
Wafer 199,3.2,600,9.00E+12,3.76E+17,3.90E+16,30,0.019978,130,0.355158,2.49E+17,2.65E+16,0.9,6.98E-01,5.80E-01,5.75E-04,1.10E-12,1.04E+02,1.01E+02,1.45E-04,4.07E-05,1.18E-01,5.21E+08,3.53E-07,3.57E+00,-2.32E+00
Wafer 191,3.2,600,7.00E+12,3.76E+17,3.90E+16,30,0.019978,130,0.35587,1.95E+17,2.65E+16,0.9,6.98E-01,5.79E-01,5.75E-04,1.19E-12,1.04E+02,1.01E+02,1.45E-04,4.06E-05,1.18E-01,4.82E+08,3.53E-07,3.58E+00,-2.29E+00
Wafer 183,3.2,600,5.00E+12,3.76E+17,3.90E+16,30,0.019978,130,0.356588,1.45E+17,2.64E+16,0.9,6.98E-01,5.79E-01,5.76E-04,1.56E-12,1.04E+02,1.01E+02,1.46E-04,4.04E-05,1.19E-01,3.69E+08,3.53E-07,3.60E+00,-2.27E+00
Wafer 175,3.2,600,3.00E+12,3.76E+17,3.90E+16,30,0.019978,130,0.357312,1.45E+17,2.64E+16,0.9,6.97E-01,5.78E-01,5.76E-04,4.27E-12,1.04E+02,1.01E+02,1.46E-04,4.02E-05,1.19E-01,1.35E+08,3.53E-07,3.62E+00,-2.23E+00
Wafer 167,3.2,600,1.00E+12,3.76E+17,3.90E+16,30,0.019975,130,0.358043,1.45E+17,2.64E+16,0.9,6.97E-01,5.78E-01,5.77E-04,1.18E-10,1.04E+02,1.02E+02,1.46E-04,3.99E-05,1.20E-01,4.91E+06,3.53E-07,3.65E+00,-1.78E+00
Wafer 159,3.2,450,9.00E+12,3.76E+17,3.90E+16,30,0.019975,130,0.347771,2.75E+17,2.65E+16,0.9,6.98E-01,5.82E-01,5.72E-04,1.02E-12,1.04E+02,1.01E+02,1.45E-04,4.18E-05,1.16E-01,5.61E+08,3.53E-07,3.46E+00,-2.43E+00
Wafer 151,3.2,450,7.00E+12,3.76E+17,3.90E+16,30,0.019975,130,0.349988,2.15E+17,2.65E+16,0.9,6.98E-01,5.81E-01,5.73E-04,1.03E-12,1.04E+02,1.01E+02,1.45E-04,4.16E-05,1.16E-01,5.57E+08,3.53E-07,3.48E+00,-2.40E+00
Wafer 143,3.2,450,5.00E+12,3.76E+17,3.90E+16,30,0.019975,130,0.352287,1.54E+17,2.65E+16,0.9,6.98E-01,5.81E-01,5.74E-04,1.05E-12,1.04E+02,1.01E+02,1.45E-04,4.13E-05,1.17E-01,5.48E+08,3.53E-07,3.51E+00,-2.37E+00
Wafer 135,3.2,450,3.00E+12,3.76E+17,3.90E+16,30,0.019975,130,0.35467,1.45E+17,2.65E+16,0.9,6.98E-01,5.80E-01,5.75E-04,1.07E-12,1.04E+02,1.01E+02,1.45E-04,4.09E-05,1.18E-01,5.39E+08,3.53E-07,3.55E+00,-2.32E+00
Wafer 127,3.2,450,1.00E+12,3.76E+17,3.90E+16,30,0.019973,130,0.357305,1.43E+17,2.65E+16,0.9,7.00E-01,5.79E-01,5.79E-04,1.56E-12,1.04E+02,1.02E+02,1.46E-04,3.78E-05,1.21E-01,3.71E+08,3.48E-07,3.88E+00,-2.21E+00
Wafer 119,3.2,300,9.00E+12,3.76E+17,3.90E+16,30,0.019975,130,0.32256,2.91E+17,2.66E+16,0.9,6.99E-01,5.88E-01,5.66E-04,9.37E-13,1.04E+02,1.01E+02,1.43E-04,4.44E-05,1.11E-01,6.04E+08,3.52E-07,3.22E+00,-2.60E+00
Wafer 111,3.2,300,7.00E+12,3.76E+17,3.90E+16,30,0.019975,130,0.322701,2.27E+17,2.66E+16,0.9,6.99E-01,5.87E-01,5.67E-04,9.51E-13,1.04E+02,1.01E+02,1.43E-04,4.40E-05,1.12E-01,5.96E+08,3.52E-07,3.26E+00,-2.59E+00
Wafer 103,3.2,300,5.00E+12,3.76E+17,3.90E+16,30,0.019973,130,0.325636,1.63E+17,2.71E+16,0.9,7.00E-01,5.86E-01,5.68E-04,9.59E-13,1.04E+02,1.02E+02,1.44E-04,4.26E-05,1.14E-01,5.92E+08,3.43E-07,3.38E+00,-2.61E+00
Wafer 95,3.2,300,3.00E+12,3.76E+17,3.90E+16,30,0.019968,130,0.336026,1.44E+17,2.65E+16,0.9,7.00E-01,5.83E-01,5.74E-04,1.03E-12,1.04E+02,1.02E+02,1.45E-04,3.99E-05,1.17E-01,5.59E+08,3.48E-07,3.64E+00,-2.48E+00
Wafer 87,3.2,300,1.00E+12,3.76E+17,3.90E+16,30,0.019968,130,0.349684,1.43E+17,2.65E+16,0.9,7.00E-01,5.81E-01,5.76E-04,1.07E-12,1.04E+02,1.02E+02,1.46E-04,3.89E-05,1.19E-01,5.37E+08,3.48E-07,3.75E+00,-2.34E+00
Wafer 79,3.2,250,9.00E+12,3.76E+17,3.90E+16,30,0.019968,130,0.321679,3.15E+17,2.67E+16,0.9,7.02E-01,5.92E-01,5.64E-04,9.12E-13,1.05E+02,1.02E+02,1.43E-04,4.26E-05,1.11E-01,6.19E+08,3.46E-07,3.35E+00,-2.71E+00
Wafer 71,3.2,250,7.00E+12,3.76E+17,3.90E+16,30,0.019968,130,0.322017,2.46E+17,2.67E+16,0.9,7.02E-01,5.90E-01,5.66E-04,9.28E-13,1.04E+02,1.02E+02,1.43E-04,4.23E-05,1.12E-01,6.10E+08,3.47E-07,3.38E+00,-2.69E+00
Wafer 63,3.2,250,5.00E+12,3.76E+17,3.90E+16,30,0.019968,130,0.322356,1.77E+17,2.66E+16,0.9,7.01E-01,5.88E-01,5.68E-04,9.49E-13,1.04E+02,1.02E+02,1.44E-04,4.23E-05,1.13E-01,5.99E+08,3.47E-07,3.39E+00,-2.66E+00
Wafer 55,3.2,250,3.00E+12,3.76E+17,3.90E+16,30,0.019968,130,0.322694,1.44E+17,2.66E+16,0.9,7.00E-01,5.86E-01,5.71E-04,9.82E-13,1.04E+02,1.02E+02,1.44E-04,4.11E-05,1.15E-01,5.81E+08,3.48E-07,3.51E+00,-2.59E+00
Wafer 47,3.2,250,1.00E+12,3.76E+17,3.90E+16,30,0.019965,130,0.339867,1.44E+17,2.65E+16,0.9,7.00E-01,5.82E-01,5.75E-04,1.07E-12,1.04E+02,1.02E+02,1.46E-04,3.95E-05,1.18E-01,5.37E+08,3.48E-07,3.68E+00,-2.40E+00
Wafer 39,3.2,150,9.00E+12,3.76E+17,3.90E+16,30,0.019967,130,0.31508,3.17E+17,2.77E+16,0.9,7.13E-01,6.21E-01,5.35E-04,6.57E-13,1.06E+02,1.03E+02,1.35E-04,5.40E-05,9.19E-02,8.14E+08,3.34E-07,2.51E+00,-2.87E+00
Wafer 31,3.2,150,7.00E+12,3.76E+17,3.90E+16,30,0.019968,130,0.316817,2.48E+17,2.75E+16,0.9,7.10E-01,6.13E-01,5.42E-04,7.16E-13,1.06E+02,1.03E+02,1.37E-04,5.08E-05,9.68E-02,7.57E+08,3.38E-07,2.70E+00,-2.87E+00
Wafer 23,3.2,150,5.00E+12,3.76E+17,3.90E+16,30,0.019968,130,0.318591,1.79E+17,2.72E+16,0.9,7.07E-01,6.05E-01,5.49E-04,7.76E-13,1.05E+02,1.02E+02,1.39E-04,4.79E-05,1.03E-01,7.08E+08,3.41E-07,2.90E+00,-2.83E+00
Wafer 15,3.2,150,3.00E+12,3.76E+17,3.90E+16,30,0.019968,130,0.320405,1.49E+17,2.69E+16,0.9,7.04E-01,5.97E-01,5.57E-04,8.65E-13,1.05E+02,1.02E+02,1.41E-04,4.51E-05,1.07E-01,6.44E+08,3.44E-07,3.13E+00,-2.75E+00
Wafer 7,3.2,150,1.00E+12,3.76E+17,3.90E+16,30,0.019965,130,0.322261,1.45E+17,2.66E+16,0.9,7.01E-01,5.87E-01,5.69E-04,1.02E-12,1.04E+02,1.02E+02,1.44E-04,4.25E-05,1.14E-01,5.60E+08,3.47E-07,3.39E+00,-2.66E+00
Wafer 200,3.2,600,9.00E+12,3.76E+17,3.90E+16,30,0.019978,130,0.355158,2.49E+17,2.65E+16,0.8,6.10E-01,4.03E-01,6.83E-04,6.18E-11,1.07E+02,1.02E+02,1.68E-04,5.98E-05,2.07E-01,1.11E+07,4.68E-07,2.81E+00,-4.31E+00
Wafer 192,3.2,600,7.00E+12,3.76E+17,3.90E+16,30,0.019978,130,0.35587,1.95E+17,2.65E+16,0.8,6.10E-01,4.02E-01,6.84E-04,9.06E-11,1.07E+02,1.03E+02,1.68E-04,5.99E-05,2.08E-01,7.54E+06,4.68E-07,2.81E+00,-4.20E+00
Wafer 184,3.2,600,5.00E+12,3.76E+17,3.90E+16,30,0.019978,130,0.356588,1.45E+17,2.64E+16,0.8,6.09E-01,4.01E-01,6.84E-04,2.32E-10,1.07E+02,1.03E+02,1.68E-04,5.98E-05,2.09E-01,2.95E+06,4.68E-07,2.81E+00,-3.62E+00
Wafer 176,3.2,600,3.00E+12,3.76E+17,3.90E+16,30,0.019978,130,0.357312,1.45E+17,2.64E+16,0.8,6.09E-01,4.00E-01,6.85E-04,1.41E-09,1.07E+02,1.08E+02,1.68E-04,5.99E-05,2.10E-01,4.87E+05,4.68E-07,2.81E+00,8.60E-01
Wafer 168,3.2,600,1.00E+12,3.76E+17,3.90E+16,30,0.019975,130,0.358043,1.45E+17,2.64E+16,0.8,6.09E-01,3.89E-01,6.86E-04,4.29E-08,1.07E+02,1.55E+02,1.69E-04,6.01E-05,2.20E-01,1.60E+04,4.68E-07,2.80E+00,4.50E+01
Wafer 160,3.2,450,9.00E+12,3.76E+17,3.90E+16,30,0.019975,130,0.347771,2.75E+17,2.65E+16,0.8,6.10E-01,4.09E-01,6.79E-04,4.85E-11,1.07E+02,1.01E+02,1.68E-04,5.96E-05,2.01E-01,1.40E+07,4.68E-07,2.82E+00,-5.36E+00
Wafer 152,3.2,450,7.00E+12,3.76E+17,3.90E+16,30,0.019975,130,0.349988,2.15E+17,2.65E+16,0.8,6.10E-01,4.07E-01,6.80E-04,4.92E-11,1.07E+02,1.01E+02,1.68E-04,5.96E-05,2.02E-01,1.38E+07,4.68E-07,2.82E+00,-5.41E+00
Wafer 144,3.2,450,5.00E+12,3.76E+17,3.90E+16,30,0.019975,130,0.352287,1.54E+17,2.65E+16,0.8,6.10E-01,4.06E-01,6.81E-04,5.02E-11,1.07E+02,1.01E+02,1.68E-04,5.97E-05,2.04E-01,1.36E+07,4.68E-07,2.81E+00,-5.45E+00
Wafer 136,3.2,450,3.00E+12,3.76E+17,3.90E+16,30,0.019975,130,0.35467,1.45E+17,2.65E+16,0.8,6.09E-01,4.04E-01,6.82E-04,5.23E-11,1.07E+02,1.01E+02,1.68E-04,5.97E-05,2.05E-01,1.30E+07,4.68E-07,2.82E+00,-5.23E+00
Wafer 128,3.2,450,1.00E+12,3.76E+17,3.90E+16,30,0.019973,130,0.357305,1.43E+17,2.65E+16,0.8,6.16E-01,4.04E-01,6.88E-04,2.34E-10,1.08E+02,1.04E+02,1.69E-04,5.69E-05,2.12E-01,2.94E+06,4.71E-07,2.97E+00,-3.17E+00
Wafer 120,3.2,300,9.00E+12,3.76E+17,3.90E+16,30,0.019975,130,0.32256,2.91E+17,2.66E+16,0.8,6.11E-01,4.20E-01,6.71E-04,4.16E-11,1.07E+02,1.02E+02,1.67E-04,5.96E-05,1.91E-01,1.61E+07,4.69E-07,2.80E+00,-4.92E+00
Wafer 112,3.2,300,7.00E+12,3.76E+17,3.90E+16,30,0.019975,130,0.322701,2.27E+17,2.66E+16,0.8,6.11E-01,4.18E-01,6.72E-04,4.28E-11,1.07E+02,1.02E+02,1.67E-04,5.94E-05,1.93E-01,1.57E+07,4.69E-07,2.81E+00,-4.99E+00
Wafer 104,3.2,300,5.00E+12,3.76E+17,3.90E+16,30,0.019973,130,0.325636,1.63E+17,2.71E+16,0.8,6.16E-01,4.21E-01,6.73E-04,4.27E-11,1.08E+02,1.02E+02,1.67E-04,5.84E-05,1.95E-01,1.58E+07,4.61E-07,2.86E+00,-5.39E+00
Wafer 96,3.2,300,3.00E+12,3.76E+17,3.90E+16,30,0.019968,130,0.336026,1.44E+17,2.65E+16,0.8,6.16E-01,4.15E-01,6.80E-04,4.80E-11,1.08E+02,1.02E+02,1.68E-04,5.66E-05,2.01E-01,1.42E+07,4.72E-07,2.97E+00,-5.19E+00
Wafer 88,3.2,300,1.00E+12,3.76E+17,3.90E+16,30,0.019968,130,0.349684,1.43E+17,2.65E+16,0.8,6.16E-01,4.10E-01,6.84E-04,5.14E-11,1.08E+02,1.02E+02,1.68E-04,5.68E-05,2.05E-01,1.33E+07,4.71E-07,2.96E+00,-5.42E+00
Wafer 80,3.2,250,9.00E+12,3.76E+17,3.90E+16,30,0.019968,130,0.321679,3.15E+17,2.67E+16,0.8,6.19E-01,4.30E-01,6.69E-04,3.90E-11,1.08E+02,1.03E+02,1.67E-04,5.76E-05,1.89E-01,1.72E+07,4.73E-07,2.89E+00,-4.51E+00
Wafer 72,3.2,250,7.00E+12,3.76E+17,3.90E+16,30,0.019968,130,0.322017,2.46E+17,2.67E+16,0.8,6.18E-01,4.27E-01,6.71E-04,4.06E-11,1.08E+02,1.03E+02,1.67E-04,5.74E-05,1.91E-01,1.65E+07,4.73E-07,2.91E+00,-4.64E+00
Wafer 64,3.2,250,5.00E+12,3.76E+17,3.90E+16,30,0.019968,130,0.322356,1.77E+17,2.66E+16,0.8,6.17E-01,4.24E-01,6.73E-04,4.25E-11,1.08E+02,1.03E+02,1.67E-04,5.75E-05,1.93E-01,1.58E+07,4.73E-07,2.91E+00,-4.80E+00
Wafer 56,3.2,250,3.00E+12,3.76E+17,3.90E+16,30,0.019968,130,0.322694,1.44E+17,2.66E+16,0.8,6.17E-01,4.19E-01,6.77E-04,4.53E-11,1.08E+02,1.02E+02,1.68E-04,5.70E-05,1.97E-01,1.49E+07,4.72E-07,2.94E+00,-5.01E+00
Wafer 48,3.2,250,1.00E+12,3.76E+17,3.90E+16,30,0.019965,130,0.339867,1.44E+17,2.65E+16,0.8,6.16E-01,4.13E-01,6.82E-04,4.99E-11,1.08E+02,1.02E+02,1.68E-04,5.70E-05,2.03E-01,1.37E+07,4.72E-07,2.95E+00,-5.31E+00
Wafer 40,3.2,150,9.00E+12,3.76E+17,3.90E+16,30,0.019967,130,0.31508,3.17E+17,2.77E+16,0.8,6.30E-01,4.68E-01,6.32E-04,2.16E-11,1.08E+02,1.05E+02,1.60E-04,6.53E-05,1.62E-01,2.93E+07,4.80E-07,2.45E+00,-2.73E+00
Wafer 32,3.2,150,7.00E+12,3.76E+17,3.90E+16,30,0.019968,130,0.316817,2.48E+17,2.75E+16,0.8,6.27E-01,4.60E-01,6.40E-04,2.46E-11,1.08E+02,1.04E+02,1.62E-04,6.27E-05,1.67E-01,2.60E+07,4.79E-07,2.58E+00,-3.08E+00
Wafer 24,3.2,150,5.00E+12,3.76E+17,3.90E+16,30,0.019968,130,0.318591,1.79E+17,2.72E+16,0.8,6.24E-01,4.51E-01,6.50E-04,2.84E-11,1.08E+02,1.04E+02,1.63E-04,6.08E-05,1.73E-01,2.29E+07,4.77E-07,2.69E+00,-3.49E+00
Wafer 16,3.2,150,3.00E+12,3.76E+17,3.90E+16,30,0.019968,130,0.320405,1.49E+17,2.69E+16,0.8,6.21E-01,4.40E-01,6.60E-04,3.36E-11,1.08E+02,1.03E+02,1.65E-04,5.91E-05,1.80E-01,1.97E+07,4.75E-07,2.80E+00,-4.00E+00
Wafer 8,3.2,150,1.00E+12,3.76E+17,3.90E+16,30,0.019965,130,0.322261,1.45E+17,2.66E+16,0.8,6.17E-01,4.22E-01,6.75E-04,4.36E-11,1.08E+02,1.03E+02,1.67E-04,5.78E-05,1.95E-01,1.55E+07,4.73E-07,2.89E+00,-4.83E+00
